Tán,Kopisch,1194.37
Nadège,Catonne,1088.9
Bécassine,Denerley,395.91
Marie-ève,Zouch,1312.47
Cléa,Mobius,945.2
Bérangère,Buffey,672.4
Lén,Antonioni,126.67
Ráo,Tolle,1156.45
Aurélie,Tremonte,237.71
Desirée,Dubique,136.91
André,Frankes,1942.16
Mà,Slyvester,787.63
Styrbjörn,Pringell,1177.5
Lucrèce,Manicomb,1013.44
Dà,Swate,684.55
Amélie,Genny,1808.14
Dafnée,Bursell,347.32
Ráo,Aiton,898.48
Yénora,Osgerby,247.23
Béatrice,Norris,1284.38
Anaëlle,Oles,585.22
Eléa,Clifforth,269.34
Cinéma,Yackiminie,837.44
Léa,Schulze,396.77
Uò,Grelik,240.13
Kévina,Haggarth,1783.01
Mélanie,Joisce,365.18
Marie-ève,Bury,1828.91
Annotés,Conechie,1929.56
Kù,Gioani,361.46
Fèi,O'Sullivan,1876.46
Eléonore,Dyke,91.77
Dà,Margetts,9.63
Océanne,Forde,214.16
Maï,Walwood,781.26
Valérie,Chimienti,1257.87
Noëlla,Upson,230.06
Görel,Lyes,101.82
Michèle,Lotwich,1077.44
Märta,Swadlin,1681.82
Yóu,Graver,1765.89
Anaëlle,Finney,1319.95
Lóng,Seiler,604.63
Miléna,Ginty,1712.57
Måns,Peaden,1644.33
Mahélie,Assiter,938.63
Hélène,Dorro,1756.32
Styrbjörn,Jerred,601.17
Almérinda,Cadding,1286.28
Lorène,Jillions,995.78
Cloé,Ruston,1108.4
Crééz,Valentin,346.38
Salomé,Dameisele,154.29
Maïwenn,Wheildon,585.32
Méng,Gheerhaert,1873.72
Publicité,Hallford,1623.98
Intéressant,Benadette,519.45
Esbjörn,Cornew,309.77
Zhì,Kobsch,1190.85
Daphnée,Gerling,724.23
Séverine,Taffe,1589.0
Angèle,Lathwell,918.93
Michèle,Hatton,1654.62
Tú,Poser,65.62
Almérinda,Carnaman,1987.1
Séverine,Hovington,1810.03
Maëly,Parman,1405.9
Méryl,Kubas,1965.2
Amélie,Millen,1552.23
Andréa,Forman,849.38
Thérèsa,Attree,1319.21
Eloïse,Beddall,139.87
Garçon,Cordrey,142.69
Måns,Chaffey,20.87
Zhì,Hackett,1814.98
Bénédicte,Muckle,1918.89
Séréna,Weston,682.53
Mélanie,De Anesy,564.38
Ráo,Girkins,1679.3
Audréanne,Hugueville,1142.62
Rébecca,Donan,469.35
Renée,Priddis,530.94
Véronique,Audibert,560.82
Maëline,Bendall,1992.62
Sòng,De Vere,910.56
Tú,Welden,97.79
Marie-noël,Cruxton,1843.75
Clélia,Mosedale,1959.45
Solène,Terzi,1074.45
Maëlys,Addy,1499.22
Geneviève,Roma,1887.84
Noëlla,Yeend,100.96
Clémentine,Ballay,1362.7
Maëlyss,Simonnin,1885.96
Méline,Rothschild,9.16
Mylène,Betteriss,1026.01
Rébecca,Soares,440.44
Yè,Portis,1765.86
Dafnée,Hexum,1574.85
Méghane,Kemston,1287.06
